c3.2xlarge,m3.large,m3.xlarge,pi,tk1,
13615.0,13062.0,14132.0,46618.0,14468.0,
13878.0,13244.0,13855.0,48106.0,17483.0,
14084.0,13101.0,13957.0,42053.0,11882.0,
14301.0,13607.0,14277.0,42639.0,13061.0,
15339.0,13579.0,14299.0,44454.0,10716.0,
15668.0,13852.0,14566.0,48497.0,11365.0,
16733.0,14100.0,14993.0,44300.0,10780.0,
15490.0,14370.0,14845.0,49047.0,13304.0,
16032.0,14577.0,15558.0,48632.0,10672.0,
16915.0,14648.0,15337.0,45536.0,11661.0,
16634.0,14882.0,15750.0,47313.0,14268.0,
18305.0,15143.0,15367.0,46351.0,12050.0,
15782.0,15306.0,16021.0,46007.0,13142.0,
16395.0,15461.0,16391.0,48254.0,12997.0,
16237.0,15743.0,16870.0,46145.0,13124.0,
17476.0,15850.0,17522.0,50130.0,13411.0,
17887.0,16044.0,16855.0,48266.0,13658.0,
17967.0,16301.0,17643.0,44839.0,15884.0,
17017.0,16430.0,16991.0,48786.0,16971.0,
18380.0,16487.0,17125.0,51196.0,15172.0,
18629.0,16926.0,18238.0,50192.0,14877.0,
19632.0,17238.0,18042.0,53599.0,17475.0,
18737.0,16949.0,17827.0,53453.0,14933.0,
18867.0,17364.0,18020.0,49934.0,15198.0,
19849.0,17120.0,18332.0,50835.0,15671.0,
18680.0,17844.0,18670.0,50036.0,13719.0,
18887.0,17788.0,18963.0,50696.0,14418.0,
18931.0,18217.0,19172.0,45691.0,15382.0,
19524.0,18226.0,19224.0,48328.0,14640.0,
20497.0,18323.0,19546.0,49713.0,13690.0,
22006.0,18725.0,19399.0,52656.0,15243.0,
19776.0,18860.0,19697.0,52103.0,14522.0,
20895.0,18830.0,20604.0,51746.0,11924.0,
20480.0,19345.0,20013.0,51332.0,13394.0,
21537.0,19544.0,20303.0,50005.0,17666.0,
20937.0,19373.0,21058.0,47768.0,12524.0,
22948.0,19959.0,20439.0,51849.0,15520.0,
21292.0,20102.0,21204.0,51918.0,15598.0,
21901.0,20302.0,21102.0,55047.0,14990.0,
24092.0,20681.0,21442.0,50394.0,15314.0,
23932.0,20918.0,21592.0,55243.0,15672.0,
22458.0,20632.0,21974.0,52009.0,17409.0,
23484.0,20956.0,22010.0,50287.0,12371.0,
24823.0,21265.0,23005.0,52419.0,17226.0,
24632.0,21457.0,23258.0,52790.0,19734.0,
26112.0,22026.0,22794.0,49899.0,16404.0,
23525.0,22316.0,22766.0,53034.0,16031.0,
28054.0,22426.0,23186.0,52847.0,15710.0,
26634.0,22158.0,23665.0,55702.0,15954.0,
26284.0,22619.0,23656.0,51862.0,16906.0,
26889.0,22557.0,23673.0,59350.0,14284.0,
27532.0,22588.0,23699.0,54417.0,14091.0,
27223.0,22570.0,24620.0,55091.0,18983.0,
27465.0,23066.0,24549.0,56397.0,18753.0,
25430.0,23486.0,24394.0,52949.0,14846.0,
26386.0,23718.0,24236.0,53772.0,20304.0,
25539.0,23879.0,24729.0,57897.0,16687.0,
24835.0,24252.0,25254.0,54515.0,20375.0,
26500.0,24264.0,25368.0,56891.0,19867.0,
26033.0,24697.0,25598.0,58030.0,20956.0,
29354.0,24865.0,25466.0,57210.0,15605.0,
25990.0,25037.0,25981.0,54658.0,15811.0,
26900.0,25399.0,26055.0,55392.0,17061.0,
27074.0,25692.0,26308.0,57717.0,18050.0,
26514.0,25665.0,27297.0,55259.0,16982.0,
27048.0,26432.0,26881.0,52687.0,19019.0,
29373.0,25906.0,27004.0,55329.0,17971.0,
29820.0,26548.0,26885.0,56471.0,20240.0,
30069.0,26181.0,27842.0,57130.0,16416.0,
31020.0,25941.0,27466.0,58704.0,15346.0,
30783.0,26591.0,27192.0,57775.0,17938.0,
28760.0,26721.0,28192.0,58568.0,18966.0,
29925.0,27113.0,28431.0,57789.0,14191.0,
29866.0,27933.0,28892.0,59217.0,23395.0,
29455.0,27544.0,28795.0,59533.0,18433.0,
30060.0,27618.0,28923.0,60230.0,16227.0,
32110.0,28104.0,29042.0,58671.0,20290.0,
30000.0,27876.0,29509.0,61213.0,18767.0,
34222.0,28407.0,30422.0,62657.0,16764.0,
31034.0,28976.0,30529.0,56917.0,18952.0,
30698.0,29487.0,31073.0,63468.0,18950.0,
30385.0,28994.0,30069.0,61481.0,18836.0,
33697.0,29335.0,30926.0,60818.0,17954.0,
34392.0,29509.0,31273.0,57897.0,18431.0,
34830.0,29068.0,31317.0,59579.0,16508.0,
32046.0,29606.0,30841.0,59905.0,15322.0,
31637.0,29929.0,31763.0,58210.0,16185.0,
31713.0,29958.0,31485.0,62485.0,18599.0,
32274.0,30212.0,32794.0,62191.0,19559.0,
33110.0,30541.0,32678.0,59986.0,19034.0,
34046.0,30631.0,32383.0,61883.0,16058.0,
32473.0,30601.0,32034.0,63140.0,16590.0,
32843.0,30896.0,32317.0,64103.0,16367.0,
34410.0,31493.0,31914.0,61651.0,20229.0,
38518.0,31795.0,32880.0,68103.0,23554.0,
40026.0,32529.0,32702.0,65560.0,20509.0,
34437.0,32075.0,33604.0,66799.0,21639.0,
37035.0,32343.0,33031.0,62420.0,21121.0,
34743.0,32149.0,34463.0,61776.0,17717.0,
37069.0,32436.0,34888.0,62586.0,18491.0,
36531.0,32833.0,35027.0,65553.0,18764.0,
35337.0,33134.0,34171.0,65207.0,17506.0,
35112.0,33944.0,34934.0,68049.0,17034.0,
36269.0,33276.0,35057.0,63628.0,17303.0,
37521.0,34270.0,35625.0,65039.0,18173.0,
37568.0,33852.0,34861.0,63982.0,16749.0,
36951.0,33347.0,35147.0,69072.0,17288.0,
36281.0,34504.0,35514.0,63039.0,21714.0,
37300.0,34479.0,35327.0,66896.0,18196.0,
38195.0,34306.0,37080.0,65104.0,20092.0,
39081.0,34849.0,36719.0,70163.0,21315.0,
38757.0,34223.0,36713.0,71343.0,18010.0,
38601.0,35280.0,36576.0,64286.0,19084.0,
38989.0,35287.0,36637.0,70928.0,20158.0,
37147.0,35211.0,37021.0,65842.0,20514.0,
39987.0,35429.0,36839.0,64590.0,22268.0,
35129.0,35364.0,37333.0,65018.0,17891.0,
42182.0,35842.0,37679.0,64946.0,20175.0,
41133.0,35909.0,37995.0,65352.0,21494.0,
40496.0,36240.0,36345.0,68026.0,22797.0,
40809.0,35636.0,38453.0,64966.0,18992.0,
44037.0,36336.0,38826.0,68435.0,23557.0,
39191.0,35635.0,38742.0,64902.0,18808.0,
44803.0,36767.0,38688.0,69934.0,18502.0,
42444.0,37506.0,39474.0,69561.0,21197.0,
41229.0,37070.0,39351.0,66291.0,19512.0,
41491.0,37660.0,39170.0,70038.0,25236.0,
40355.0,37765.0,39066.0,68070.0,24768.0,
40964.0,37994.0,40012.0,72715.0,19591.0,
41955.0,38025.0,39218.0,68557.0,22830.0,
40223.0,38633.0,40475.0,69315.0,19746.0,
41746.0,38879.0,40060.0,69375.0,18432.0,
40735.0,38399.0,39704.0,71998.0,27407.0,
39470.0,39115.0,41893.0,74936.0,22143.0,
42801.0,39940.0,41196.0,69696.0,24313.0,
42461.0,39443.0,40719.0,71004.0,22050.0,
42228.0,39247.0,41442.0,68999.0,21836.0,
44393.0,39169.0,41173.0,69865.0,28009.0,
47252.0,39335.0,41764.0,71056.0,23878.0,
45467.0,39711.0,42688.0,70568.0,19771.0,
42762.0,39831.0,41205.0,74752.0,22154.0,
45630.0,39428.0,42582.0,73820.0,22761.0,
44709.0,40325.0,42284.0,75613.0,25301.0,
44863.0,40802.0,42421.0,70786.0,20832.0,
46608.0,41482.0,43556.0,76516.0,20170.0,
44948.0,40787.0,44256.0,73206.0,22036.0,
45962.0,41376.0,43785.0,70968.0,22879.0,
46520.0,41004.0,44323.0,73229.0,23136.0,
47997.0,41508.0,43426.0,75673.0,23363.0,
44918.0,42084.0,44183.0,75922.0,20711.0,
44886.0,42460.0,45777.0,72775.0,26459.0,
45466.0,42433.0,44711.0,75250.0,22495.0,
46670.0,42563.0,44771.0,74204.0,24328.0,
44512.0,42092.0,44512.0,78458.0,23448.0,
47474.0,43197.0,45772.0,70425.0,22844.0,
46532.0,44311.0,45579.0,77096.0,26439.0,
49465.0,43362.0,43998.0,76027.0,24449.0,
49339.0,43952.0,46397.0,78879.0,23063.0,
45379.0,43519.0,44467.0,76810.0,24971.0,
49265.0,44350.0,45852.0,77568.0,24643.0,
47988.0,44519.0,47305.0,75835.0,26172.0,
48006.0,44634.0,46181.0,77952.0,28275.0,
47340.0,44801.0,47011.0,76756.0,24779.0,
46887.0,44866.0,46508.0,79989.0,24389.0,
49745.0,44985.0,46595.0,82800.0,26088.0,
51552.0,45627.0,48049.0,76747.0,25884.0,
48851.0,45725.0,48251.0,76228.0,26284.0,
49377.0,46101.0,48384.0,75063.0,24381.0,
49667.0,45732.0,48196.0,72681.0,24419.0,
49943.0,45941.0,48732.0,76307.0,23315.0,
51523.0,45565.0,48945.0,79662.0,25546.0,
51989.0,46337.0,52410.0,77919.0,26183.0,
50956.0,46258.0,50988.0,77360.0,23783.0,
52284.0,46418.0,49646.0,77521.0,24677.0,
51078.0,46812.0,49540.0,80249.0,26893.0,
52248.0,47490.0,49976.0,76480.0,31627.0,
53220.0,47684.0,49008.0,80029.0,27933.0,
50830.0,46769.0,49536.0,79885.0,25713.0,
52314.0,48323.0,49611.0,78812.0,26295.0,
52797.0,47853.0,49505.0,84551.0,25645.0,
50855.0,48448.0,50322.0,85381.0,26161.0,
51155.0,48582.0,50808.0,84193.0,26645.0,
52858.0,48153.0,50556.0,81067.0,25793.0,
55998.0,49019.0,51400.0,78058.0,24103.0,
53861.0,49234.0,51686.0,85699.0,26664.0,
55049.0,49092.0,51906.0,82120.0,26278.0,
53702.0,49140.0,52745.0,85072.0,25096.0,
52013.0,50848.0,51027.0,79653.0,26805.0,
54129.0,50500.0,50599.0,82340.0,28236.0,
53344.0,50843.0,51766.0,84824.0,27963.0,
56489.0,51009.0,52056.0,84420.0,26859.0,
55296.0,51652.0,54011.0,83749.0,25042.0,
53882.0,50627.0,52319.0,80583.0,23736.0,
55422.0,50344.0,52153.0,80383.0,25766.0,
54901.0,52052.0,52320.0,86048.0,28490.0,
56880.0,50544.0,52793.0,87160.0,28961.0,
56168.0,52351.0,53729.0,80637.0,23361.0,
55685.0,51914.0,54415.0,87407.0,25905.0,
56375.0,53031.0,53397.0,83019.0,25332.0,
57210.0,52465.0,54805.0,86050.0,27693.0,
54878.0,51603.0,54568.0,89017.0,23893.0,
56797.0,52772.0,54621.0,82981.0,24027.0,
56566.0,52683.0,55104.0,89556.0,24153.0,
55709.0,54036.0,54012.0,83712.0,28586.0,
57762.0,53871.0,55354.0,89243.0,27118.0,
56377.0,53884.0,56552.0,88233.0,27516.0,
58368.0,54208.0,55680.0,88268.0,28538.0,
58953.0,54176.0,57151.0,88739.0,29714.0,
57046.0,54691.0,55568.0,90778.0,27065.0,
57301.0,54730.0,55646.0,89202.0,23719.0,
56609.0,54700.0,57655.0,90635.0,29496.0,
58620.0,55463.0,56626.0,86748.0,27923.0,
58981.0,54357.0,56259.0,84393.0,33338.0,
57987.0,54312.0,57898.0,90973.0,28185.0,
57934.0,55118.0,57918.0,90192.0,27373.0,
58181.0,54797.0,56320.0,88028.0,29202.0,
60974.0,55215.0,59802.0,89819.0,27925.0,
63557.0,55333.0,57989.0,88580.0,23639.0,
60031.0,55611.0,59399.0,89518.0,28243.0,
59559.0,55194.0,59096.0,85271.0,32633.0,
59827.0,55633.0,60744.0,86418.0,26744.0,
59819.0,56349.0,57824.0,88367.0,28045.0,
62189.0,56733.0,58921.0,92626.0,29881.0,
62143.0,56347.0,59536.0,88371.0,32890.0,
61758.0,56786.0,59926.0,89958.0,28014.0,
60396.0,57138.0,58129.0,87245.0,26232.0,
61101.0,58232.0,58691.0,91233.0,25751.0,
61652.0,57982.0,59970.0,90617.0,27618.0,
62796.0,58689.0,60339.0,93208.0,28422.0,
60205.0,59054.0,61324.0,91082.0,25072.0,
63854.0,58506.0,60594.0,91934.0,28894.0,
62702.0,58971.0,61860.0,90969.0,27437.0,
64052.0,59719.0,60651.0,86870.0,28388.0,
64265.0,59398.0,60740.0,97502.0,34601.0,
63421.0,58651.0,62836.0,93159.0,33780.0,
64646.0,58991.0,61601.0,94096.0,31571.0,
64814.0,59930.0,60269.0,90478.0,25989.0,
65686.0,59955.0,62681.0,90591.0,36121.0,
62258.0,59774.0,62760.0,97809.0,30136.0,
63747.0,61104.0,62440.0,94333.0,28325.0,
64786.0,60193.0,63294.0,90741.0,30828.0,
66657.0,61209.0,61675.0,94516.0,30066.0,
65224.0,59602.0,61715.0,97573.0,31286.0,
66770.0,61591.0,63680.0,90606.0,31318.0,
67205.0,61502.0,62756.0,93697.0,27489.0,
67560.0,62058.0,64015.0,92216.0,36466.0,
63998.0,61786.0,63084.0,97922.0,31219.0,
64322.0,61884.0,62961.0,98893.0,29745.0,
64494.0,61467.0,66198.0,95790.0,28085.0,
69443.0,62248.0,64045.0,98985.0,26651.0,
66162.0,61134.0,66505.0,92006.0,27720.0,
65161.0,62247.0,66109.0,98315.0,34589.0,
65472.0,61645.0,66050.0,100207.0,31393.0,
65074.0,62243.0,64997.0,97977.0,31787.0,
66509.0,62291.0,64072.0,99319.0,30167.0,
67042.0,63736.0,67648.0,95772.0,30183.0,
67133.0,62528.0,64528.0,98216.0,27293.0,
68103.0,63329.0,66860.0,91001.0,28728.0,
70894.0,62424.0,65021.0,94092.0,28356.0,
66897.0,63636.0,68996.0,98252.0,31112.0,
68038.0,64301.0,65816.0,100223.0,34858.0,
68476.0,65077.0,66509.0,103009.0,31903.0,
68690.0,63858.0,68163.0,100619.0,30654.0,
69118.0,64841.0,67375.0,99729.0,30599.0,
68533.0,65054.0,69158.0,99060.0,32781.0,
68022.0,65283.0,67284.0,102219.0,33839.0,
68212.0,65625.0,70466.0,94228.0,31860.0,
68407.0,64982.0,67789.0,102175.0,32046.0,
68699.0,66758.0,68233.0,102749.0,30169.0,
71408.0,66200.0,67899.0,97378.0,31393.0,
71120.0,66079.0,70477.0,97887.0,29842.0,
70683.0,65727.0,68664.0,101314.0,31477.0,
70342.0,66107.0,70595.0,100729.0,30723.0,
72051.0,67090.0,68962.0,104446.0,34217.0,
71690.0,66207.0,68611.0,99952.0,33475.0,
72504.0,66927.0,70561.0,102052.0,32619.0,
68476.0,66307.0,69702.0,102780.0,33290.0,
75099.0,67165.0,69136.0,99746.0,31284.0,
71090.0,67280.0,70962.0,103106.0,31006.0,
69167.0,69105.0,70181.0,104365.0,36921.0,
70268.0,68723.0,68973.0,104722.0,32617.0,
72938.0,68996.0,71781.0,104148.0,32201.0,
72009.0,68827.0,70185.0,103820.0,34134.0,
71219.0,69064.0,69440.0,103883.0,35710.0,
73615.0,69613.0,69748.0,103990.0,31721.0,
71991.0,70050.0,70646.0,100673.0,33495.0,
73375.0,70416.0,71818.0,102458.0,34497.0,
73840.0,69940.0,72687.0,103182.0,32275.0,
73328.0,69747.0,72592.0,101932.0,34806.0,
75637.0,70581.0,70664.0,107365.0,30277.0,
75929.0,69947.0,71121.0,106960.0,29875.0,
73821.0,69898.0,73852.0,100981.0,34293.0,
74208.0,69945.0,72978.0,102826.0,35761.0,
74833.0,71102.0,74316.0,104206.0,32830.0,
69663.0,70907.0,73529.0,107241.0,33087.0,
71569.0,71420.0,76369.0,100347.0,28998.0,
72553.0,70609.0,73001.0,107198.0,39884.0,
74419.0,71304.0,74307.0,105557.0,30064.0,
75790.0,71567.0,71820.0,99026.0,33386.0,
73658.0,72021.0,76591.0,99042.0,35400.0,
77146.0,73465.0,73823.0,109581.0,31538.0,
76936.0,69987.0,73589.0,107985.0,31153.0,
74749.0,71922.0,75554.0,106543.0,35974.0,
74600.0,72238.0,76516.0,105501.0,34204.0,
78522.0,73640.0,76526.0,105214.0,34686.0,
77802.0,72609.0,75212.0,106261.0,36558.0,
78143.0,73416.0,74619.0,107997.0,29618.0,
81635.0,73993.0,75809.0,108652.0,36864.0,
78264.0,73783.0,75591.0,110019.0,34568.0,
82581.0,73874.0,77421.0,112734.0,40281.0,
80772.0,74387.0,76862.0,106585.0,31848.0,
77851.0,73631.0,76293.0,110004.0,33810.0,
78804.0,74475.0,77621.0,112038.0,31085.0,
79324.0,75157.0,77703.0,112083.0,33511.0,
80486.0,74884.0,77922.0,106157.0,35473.0,
81722.0,75583.0,79706.0,112039.0,31049.0,
79750.0,74620.0,76853.0,113263.0,35288.0,
81339.0,74761.0,77763.0,110144.0,31296.0,
81521.0,76157.0,77770.0,112818.0,32473.0,
80565.0,76049.0,77190.0,112388.0,33750.0,
80284.0,76599.0,78944.0,107024.0,41139.0,
80405.0,76457.0,84193.0,113354.0,34116.0,
85758.0,76799.0,80828.0,113020.0,39281.0,
81537.0,77191.0,82086.0,110129.0,31191.0,
81767.0,77213.0,82099.0,111101.0,36162.0,
82162.0,77631.0,79578.0,114282.0,33063.0,
79794.0,76430.0,80056.0,108995.0,32795.0,
83181.0,76923.0,80016.0,112442.0,35902.0,
81340.0,78195.0,81070.0,117379.0,36093.0,
85719.0,77752.0,79724.0,111822.0,30646.0,
84075.0,79154.0,80890.0,112503.0,38727.0,
82288.0,79611.0,80327.0,116029.0,36330.0,
82547.0,77494.0,83907.0,114759.0,36144.0,
84960.0,78911.0,81661.0,116385.0,33671.0,
82150.0,78976.0,84679.0,115246.0,35454.0,
84571.0,79615.0,80654.0,111938.0,35302.0,
84214.0,80027.0,80375.0,114376.0,36401.0,
84892.0,77568.0,82417.0,117260.0,36633.0,
85497.0,80600.0,84375.0,115557.0,35614.0,
85961.0,80134.0,87942.0,112632.0,34246.0,
85358.0,80725.0,84423.0,113783.0,35363.0,
85991.0,80613.0,82444.0,117653.0,35901.0,
84627.0,80928.0,86320.0,115754.0,37506.0,
82041.0,81128.0,82963.0,114564.0,36341.0,
83583.0,82019.0,84146.0,115140.0,37196.0,
83014.0,81333.0,83073.0,116571.0,36747.0,
88644.0,81714.0,83317.0,118600.0,34347.0,
88057.0,82100.0,88681.0,120026.0,37798.0,
84622.0,82106.0,83125.0,118180.0,39109.0,
88942.0,83442.0,87129.0,111287.0,34859.0,
85059.0,82115.0,87297.0,113366.0,37442.0,
90680.0,82374.0,88627.0,119764.0,37216.0,
88459.0,83428.0,88189.0,118971.0,32557.0,
88383.0,82764.0,86975.0,117454.0,36616.0,
89748.0,82988.0,84409.0,120489.0,41926.0,
89122.0,82540.0,86761.0,115324.0,37280.0,
88677.0,83326.0,88606.0,113339.0,38964.0,
89227.0,83598.0,84627.0,121667.0,37405.0,
85272.0,84137.0,88811.0,120582.0,33506.0,
94317.0,85085.0,87452.0,117995.0,33194.0,
89157.0,85351.0,87089.0,117467.0,36391.0,
89362.0,84986.0,89813.0,123900.0,37677.0,
87046.0,84520.0,89214.0,123106.0,40103.0,
92637.0,85589.0,89338.0,114846.0,37145.0,
88932.0,85040.0,90331.0,120114.0,38658.0,
87717.0,86191.0,88289.0,121958.0,37090.0,
87497.0,84728.0,88736.0,116666.0,42897.0,
89429.0,85231.0,88969.0,122884.0,37812.0,
93453.0,85650.0,88450.0,119584.0,35144.0,
90620.0,86805.0,89304.0,122351.0,39641.0,
93117.0,86916.0,87825.0,121279.0,33945.0,
90434.0,87568.0,90961.0,122576.0,38172.0,
90908.0,86692.0,88680.0,122020.0,38247.0,
90243.0,87398.0,91632.0,122271.0,36638.0,
90180.0,87372.0,92209.0,120131.0,36682.0,
93900.0,88085.0,90451.0,125849.0,35031.0,
90435.0,87766.0,89206.0,124434.0,39091.0,
94512.0,87241.0,90366.0,120394.0,38056.0,
92037.0,87774.0,89238.0,116425.0,39399.0,
94355.0,88163.0,92341.0,125994.0,37883.0,
91307.0,87708.0,91485.0,123438.0,40806.0,
96250.0,89493.0,92637.0,123260.0,38383.0,
92511.0,88461.0,91246.0,124709.0,38782.0,
92851.0,87337.0,94303.0,122845.0,41734.0,
90766.0,88860.0,92530.0,127284.0,38886.0,
94771.0,88954.0,90955.0,126694.0,45196.0,
92817.0,90676.0,93941.0,120225.0,41748.0,
92037.0,90677.0,92856.0,126190.0,37263.0,
96852.0,90881.0,93958.0,124405.0,36044.0,
97725.0,90996.0,93914.0,128448.0,37236.0,
97679.0,92009.0,99563.0,121111.0,41777.0,
98777.0,91195.0,93431.0,123700.0,40790.0,
98570.0,90790.0,97749.0,127858.0,37886.0,
96862.0,91693.0,92719.0,124862.0,43539.0,
95683.0,90687.0,95290.0,124713.0,38460.0,
95751.0,91477.0,98300.0,128132.0,39752.0,
94499.0,89894.0,95207.0,130762.0,42075.0,
98447.0,90238.0,99458.0,125474.0,43258.0,
96365.0,92930.0,96806.0,126289.0,39144.0,
96204.0,92120.0,96572.0,125211.0,41203.0,
95643.0,93020.0,98034.0,124050.0,38706.0,
96341.0,93596.0,98099.0,125800.0,37566.0,
96118.0,92875.0,96579.0,127347.0,42898.0,
94015.0,94103.0,98621.0,124120.0,40936.0,
96440.0,92327.0,99506.0,130063.0,39193.0,
94409.0,94128.0,93046.0,129828.0,36787.0,
97812.0,93601.0,96495.0,132277.0,40905.0,
96973.0,93129.0,97342.0,122939.0,42911.0,
97177.0,92985.0,96868.0,125117.0,39849.0,
99105.0,94403.0,98981.0,130624.0,42459.0,
97515.0,94349.0,97538.0,130664.0,38751.0,
101009.0,94571.0,96413.0,129483.0,39349.0,
100433.0,93259.0,97064.0,129861.0,40402.0,
98781.0,94906.0,98903.0,125962.0,36949.0,
98493.0,93136.0,98813.0,129803.0,38170.0,
99325.0,95223.0,99984.0,132358.0,43678.0,
103006.0,95643.0,100200.0,133711.0,39352.0,
101502.0,95535.0,98042.0,130862.0,44951.0,
100074.0,95970.0,95769.0,129873.0,38500.0,
101870.0,96495.0,103119.0,131311.0,42903.0,
101281.0,97221.0,101789.0,127892.0,41519.0,
101801.0,96334.0,101834.0,128657.0,40083.0,
101912.0,96522.0,101326.0,132326.0,40671.0,
101014.0,95685.0,102916.0,132451.0,37740.0,
101515.0,95025.0,100955.0,127201.0,44215.0,
105632.0,97819.0,100437.0,127449.0,42255.0,
103351.0,97412.0,101149.0,127364.0,42140.0,
104517.0,97638.0,105340.0,132318.0,40627.0,
106118.0,98784.0,100719.0,131887.0,45562.0,
106398.0,98554.0,99274.0,136472.0,43913.0,
108570.0,97444.0,103995.0,134489.0,45236.0,
99309.0,97648.0,100629.0,132692.0,39346.0,
105478.0,98948.0,101966.0,132170.0,43604.0,
108981.0,97151.0,100892.0,134649.0,41628.0,
105018.0,98094.0,103988.0,128396.0,46441.0,
103942.0,99026.0,104740.0,137096.0,44375.0,
103784.0,99869.0,102138.0,134997.0,38849.0,
110534.0,100508.0,104050.0,133720.0,41493.0,
107239.0,98368.0,107406.0,135134.0,40783.0,
104894.0,99835.0,103889.0,139423.0,41002.0,
106719.0,99572.0,103965.0,137014.0,43016.0,
105836.0,100753.0,103979.0,128606.0,41855.0,
107507.0,99738.0,103312.0,135033.0,42892.0,
106099.0,100779.0,108526.0,135531.0,45163.0,
106310.0,100835.0,106587.0,136767.0,42414.0,
106820.0,102128.0,104308.0,135701.0,47436.0,
108911.0,101499.0,105849.0,136652.0,44822.0,
109960.0,101835.0,107189.0,139050.0,47745.0,
106895.0,100805.0,103240.0,138557.0,43238.0,
104613.0,102112.0,105263.0,143418.0,43465.0,
106940.0,101785.0,104689.0,134622.0,45369.0,
107024.0,103662.0,106909.0,136032.0,41043.0,
103831.0,100651.0,107305.0,139735.0,43640.0,
106898.0,103966.0,111476.0,142056.0,42351.0,
112102.0,103288.0,107087.0,134373.0,43468.0,
110467.0,103416.0,107423.0,140456.0,43964.0,
117329.0,104071.0,112470.0,140119.0,41609.0,
113567.0,105059.0,110057.0,140945.0,47254.0,
110929.0,104640.0,109558.0,138362.0,42713.0,
112314.0,102496.0,110351.0,134258.0,43488.0,
113567.0,102834.0,109809.0,143547.0,41443.0,
113464.0,103629.0,108853.0,139642.0,39280.0,
110655.0,101888.0,110027.0,142489.0,41869.0,
111875.0,102869.0,108499.0,141309.0,44989.0,
115980.0,105514.0,114279.0,139218.0,39867.0,
107328.0,105974.0,108488.0,148534.0,41401.0,
112117.0,105466.0,110316.0,142279.0,40005.0,
105561.0,103594.0,110373.0,131242.0,42495.0,
105689.0,104380.0,109019.0,137235.0,40186.0,
115622.0,103051.0,111253.0,141475.0,40380.0,
111962.0,104599.0,110549.0,134716.0,41078.0,
108635.0,104257.0,110513.0,139424.0,41764.0,
104164.0,105045.0,110997.0,140751.0,46443.0,
111658.0,104688.0,111247.0,136525.0,45294.0,
113721.0,105586.0,110878.0,144289.0,47788.0,
111114.0,106453.0,112696.0,138958.0,52532.0,
111664.0,107677.0,112765.0,143619.0,49483.0,
116095.0,105314.0,111160.0,146407.0,45926.0,
116319.0,108284.0,113564.0,144912.0,46518.0,
114239.0,108804.0,113118.0,146368.0,43275.0,
115614.0,108793.0,114104.0,143584.0,48258.0,
115148.0,107800.0,113410.0,144120.0,42138.0,
116045.0,107765.0,112117.0,141568.0,46675.0,
114908.0,108021.0,110733.0,139608.0,49296.0,
116181.0,107799.0,111050.0,144757.0,48977.0,
115993.0,108935.0,110819.0,147288.0,50315.0,
118095.0,108071.0,115994.0,144122.0,47674.0,
115949.0,107443.0,113494.0,146031.0,43173.0,
117328.0,107712.0,112819.0,150843.0,46017.0,
116425.0,107684.0,113625.0,145718.0,45798.0,
114404.0,108511.0,113949.0,148273.0,44886.0,
115726.0,109511.0,114742.0,145229.0,46375.0,
112129.0,110821.0,117348.0,134639.0,46844.0,
112573.0,110791.0,114100.0,149031.0,48193.0,
112812.0,110690.0,112734.0,144429.0,43356.0,
109305.0,111046.0,113306.0,147692.0,47232.0,
120557.0,111431.0,116361.0,144973.0,50220.0,
114099.0,110997.0,115634.0,147532.0,44484.0,
115671.0,112200.0,115138.0,148873.0,55037.0,
115440.0,112603.0,113551.0,150535.0,44756.0,
114925.0,111657.0,118983.0,144290.0,45491.0,
118951.0,112355.0,119876.0,143188.0,51109.0,
117646.0,112358.0,115841.0,145497.0,44636.0,
114876.0,111704.0,115858.0,149675.0,45185.0,
113474.0,112621.0,115735.0,151181.0,40434.0,
118063.0,113201.0,114076.0,150476.0,45972.0,
118521.0,112443.0,116052.0,150751.0,47535.0,
117709.0,111885.0,114757.0,148382.0,48346.0,
122100.0,112838.0,121188.0,151162.0,51352.0,
121969.0,112111.0,118562.0,147516.0,43308.0,
120841.0,111766.0,118741.0,148613.0,44783.0,
120977.0,112398.0,120927.0,147627.0,48485.0,
120828.0,114761.0,116593.0,149556.0,43737.0,
120727.0,114553.0,116456.0,151947.0,46460.0,
119104.0,113789.0,118717.0,143644.0,48936.0,
119288.0,112085.0,121766.0,153386.0,42493.0,
118816.0,114648.0,120370.0,147060.0,50667.0,
124913.0,113778.0,121050.0,150872.0,48913.0,
118705.0,116150.0,119493.0,150801.0,44957.0,
121042.0,116715.0,119071.0,153546.0,44760.0,
119560.0,116279.0,120305.0,153110.0,45181.0,
124813.0,115465.0,120518.0,148411.0,45702.0,
126106.0,117200.0,121513.0,156585.0,55445.0,
123393.0,115955.0,120889.0,150100.0,49084.0,
120717.0,116209.0,119730.0,152906.0,49854.0,
121752.0,117539.0,121703.0,151392.0,50015.0,
121743.0,118509.0,121272.0,152363.0,49403.0,
120472.0,115509.0,120539.0,154489.0,48964.0,
120342.0,117007.0,122732.0,156098.0,47203.0,
122005.0,117568.0,122869.0,152475.0,50707.0,
125994.0,116388.0,124744.0,153109.0,49218.0,
124581.0,118558.0,126077.0,161256.0,47033.0,
120726.0,117278.0,121651.0,159275.0,51107.0,
126925.0,119323.0,126063.0,157034.0,57554.0,
121252.0,118355.0,125529.0,148942.0,52582.0,
122735.0,119264.0,121579.0,153283.0,50878.0,
122674.0,119973.0,122869.0,157820.0,52935.0,
123497.0,117390.0,123047.0,154794.0,48323.0,
126420.0,120750.0,121462.0,146666.0,51123.0,
127607.0,119366.0,122530.0,157607.0,46863.0,
120581.0,119901.0,124476.0,156639.0,44787.0,
124093.0,118148.0,123003.0,159051.0,44797.0,
124985.0,118835.0,125964.0,158083.0,44751.0,
123525.0,120277.0,123310.0,153257.0,50485.0,
116279.0,120147.0,128570.0,155452.0,48475.0,
118373.0,121133.0,128532.0,159559.0,48739.0,
119908.0,122436.0,126270.0,160439.0,53765.0,
122403.0,116339.0,127418.0,153689.0,45446.0,
121315.0,120734.0,127624.0,157867.0,49571.0,
126845.0,118335.0,124048.0,159882.0,49174.0,
125477.0,119837.0,123846.0,163392.0,54027.0,
131086.0,120885.0,125873.0,163258.0,50547.0,
130925.0,121112.0,124813.0,160385.0,48700.0,
127351.0,122760.0,124356.0,160225.0,45178.0,
132298.0,123916.0,125177.0,159448.0,52757.0,
125760.0,122327.0,123914.0,152464.0,46418.0,
132055.0,124124.0,129948.0,150602.0,51029.0,
133640.0,122957.0,128872.0,157224.0,52630.0,
136338.0,124078.0,129061.0,160469.0,48013.0,
134354.0,123681.0,128936.0,154271.0,53263.0,
134975.0,124696.0,132295.0,159397.0,53521.0,
135875.0,124916.0,129104.0,163636.0,53897.0,
137420.0,125162.0,127669.0,161343.0,49179.0,
136634.0,124517.0,126141.0,159638.0,51421.0,
131433.0,123472.0,130193.0,160347.0,52081.0,
136887.0,122937.0,129747.0,160719.0,48707.0,
138506.0,125895.0,130820.0,158872.0,51347.0,
137365.0,126483.0,129337.0,161962.0,50316.0,
134541.0,125674.0,130126.0,160350.0,50701.0,
134322.0,124204.0,131261.0,160501.0,55920.0,
135571.0,125967.0,130418.0,157167.0,49215.0,
137740.0,125277.0,133297.0,163995.0,48725.0,
139974.0,125429.0,135155.0,160778.0,54066.0,
138277.0,124348.0,127984.0,163124.0,49355.0,
139479.0,126338.0,132268.0,162678.0,54634.0,
136122.0,126841.0,134784.0,158807.0,50652.0,
138410.0,127004.0,129329.0,160303.0,48398.0,
138968.0,126187.0,131038.0,164956.0,53298.0,
137494.0,125565.0,133105.0,168020.0,52911.0,
133830.0,127785.0,137862.0,158665.0,50033.0,
135271.0,127386.0,130215.0,163581.0,49287.0,
136108.0,123388.0,132757.0,167846.0,51000.0,
137894.0,125756.0,137721.0,167919.0,51272.0,
134640.0,125817.0,132225.0,165639.0,50556.0,
135352.0,127438.0,137004.0,160176.0,52788.0,
140379.0,125874.0,135510.0,168167.0,52447.0,
139250.0,127128.0,132383.0,164281.0,55163.0,
135158.0,127818.0,134616.0,168596.0,53089.0,
143326.0,129610.0,133894.0,171213.0,53768.0,
137959.0,127830.0,137239.0,169005.0,52203.0,
134400.0,128059.0,137519.0,165897.0,50684.0,
134559.0,129422.0,135264.0,168116.0,47686.0,
142033.0,129224.0,134775.0,164540.0,53369.0,
145057.0,130160.0,133881.0,162566.0,54863.0,
145333.0,129921.0,136533.0,147552.0,52338.0,
145442.0,129076.0,138342.0,166677.0,48445.0,
135838.0,129784.0,140509.0,170864.0,52932.0,
138805.0,131250.0,135653.0,165654.0,54886.0,
140532.0,127177.0,134822.0,169039.0,49901.0,
144699.0,130896.0,136663.0,166431.0,57225.0,
141228.0,132199.0,140693.0,171582.0,56091.0,
138950.0,131467.0,135182.0,169606.0,52863.0,
140742.0,133454.0,137814.0,171540.0,53417.0,
145293.0,131812.0,139763.0,156196.0,50142.0,
138445.0,133359.0,138050.0,169379.0,54192.0,
148389.0,134662.0,139588.0,166202.0,48714.0,
146391.0,134598.0,134585.0,171445.0,58502.0,
137670.0,134673.0,134741.0,167692.0,52800.0,
146530.0,133815.0,137875.0,171790.0,57687.0,
144570.0,130395.0,135531.0,165958.0,54442.0,
145323.0,134315.0,136999.0,174953.0,58546.0,
142138.0,135552.0,142811.0,173773.0,51056.0,
145079.0,135000.0,139612.0,172549.0,56950.0,
142710.0,133364.0,142041.0,171294.0,51194.0,
141319.0,132882.0,138961.0,169774.0,53081.0,
140668.0,131461.0,138847.0,170789.0,51972.0,
146684.0,133233.0,142164.0,171715.0,57403.0,
143889.0,135988.0,138506.0,170831.0,57790.0,
138592.0,135439.0,140974.0,179033.0,53265.0,
140930.0,136821.0,138523.0,171528.0,61093.0,
144809.0,132051.0,139191.0,174818.0,54455.0,
140698.0,133803.0,138149.0,175488.0,54146.0,
138442.0,131493.0,140146.0,170568.0,57623.0,
145336.0,132732.0,143558.0,176851.0,52580.0,
144498.0,132510.0,136576.0,173148.0,57101.0,
147992.0,134689.0,145808.0,174297.0,58099.0,
146072.0,131812.0,139561.0,177210.0,57513.0,
146764.0,134907.0,139970.0,173451.0,54093.0,
143566.0,133693.0,140211.0,166671.0,55087.0,
147653.0,135139.0,143139.0,168656.0,55178.0,
148966.0,132582.0,141091.0,176583.0,59327.0,
145906.0,134791.0,147916.0,172228.0,55948.0,
145264.0,136291.0,143975.0,170456.0,57399.0,
146420.0,136336.0,142689.0,172739.0,56396.0,
146103.0,134101.0,142476.0,180315.0,55782.0,
149120.0,136317.0,143221.0,179546.0,58283.0,
140243.0,136127.0,141966.0,162954.0,58723.0,
139493.0,136539.0,141395.0,174147.0,55461.0,
137889.0,136015.0,142771.0,179783.0,56641.0,
141538.0,138724.0,144950.0,178056.0,57774.0,
141816.0,136563.0,144530.0,180512.0,55784.0,
143431.0,137729.0,147098.0,177194.0,58223.0,
145118.0,137746.0,145855.0,179921.0,54603.0,
146968.0,140507.0,147973.0,180915.0,56321.0,
144041.0,139200.0,145394.0,179499.0,60438.0,
149435.0,139431.0,144775.0,176881.0,55479.0,
143878.0,142214.0,144731.0,173336.0,55483.0,
142406.0,141035.0,152491.0,173987.0,53352.0,
148867.0,144158.0,145679.0,180465.0,56676.0,
144819.0,142201.0,149594.0,181249.0,53338.0,
147269.0,142216.0,148502.0,176115.0,58508.0,
151057.0,146089.0,148989.0,181042.0,63216.0,
148261.0,143411.0,151134.0,178135.0,56739.0,
150891.0,142196.0,147281.0,184708.0,56211.0,
153493.0,143104.0,148469.0,175343.0,56676.0,
154068.0,143897.0,143665.0,182607.0,59102.0,
152015.0,144041.0,152013.0,184232.0,58460.0,
148966.0,145152.0,147934.0,165295.0,58884.0,
151068.0,143574.0,149118.0,178454.0,56919.0,
151680.0,145575.0,152511.0,184406.0,57401.0,
150366.0,144398.0,153447.0,181110.0,56574.0,
151325.0,144447.0,152211.0,184680.0,56352.0,
148549.0,144527.0,151163.0,180126.0,57161.0,
157679.0,145574.0,151125.0,178887.0,56712.0,
159216.0,145111.0,149320.0,180507.0,60825.0,
154354.0,144347.0,153726.0,183973.0,64989.0,
147879.0,143666.0,153786.0,182997.0,56769.0,
150690.0,145865.0,152483.0,179927.0,59463.0,
150018.0,141714.0,152446.0,183954.0,60490.0,
151764.0,145656.0,149621.0,183256.0,57949.0,
154791.0,145955.0,152976.0,182299.0,59292.0,
155797.0,145663.0,150684.0,185663.0,63537.0,
157359.0,147556.0,155069.0,186756.0,53170.0,
151553.0,145666.0,152880.0,181639.0,55589.0,
154808.0,146245.0,151425.0,185518.0,53547.0,
155088.0,146642.0,152683.0,184145.0,65320.0,
155556.0,145640.0,150790.0,182803.0,58340.0,
157539.0,146563.0,155164.0,178358.0,58797.0,
158897.0,147952.0,156619.0,181390.0,56393.0,
154579.0,145391.0,155845.0,185193.0,56748.0,
158563.0,148617.0,157975.0,185125.0,59156.0,
160390.0,147067.0,159106.0,183677.0,55614.0,
157648.0,148862.0,153619.0,179407.0,55865.0,
156747.0,147847.0,156958.0,178302.0,54195.0,
154576.0,149922.0,161760.0,184859.0,55981.0,
155916.0,145659.0,155399.0,187223.0,58929.0,
162456.0,147726.0,156603.0,188587.0,61154.0,
161553.0,147892.0,157026.0,184706.0,55209.0,
154337.0,148697.0,154807.0,184234.0,54631.0,
162250.0,146986.0,154639.0,184841.0,57905.0,
161350.0,147799.0,159165.0,187630.0,59442.0,
151671.0,148035.0,159838.0,195530.0,57638.0,
163258.0,150203.0,163059.0,195753.0,59033.0,
159302.0,148714.0,161826.0,185131.0,60970.0,
159616.0,152651.0,156275.0,185847.0,56664.0,
163831.0,150601.0,158293.0,192548.0,57167.0,
150754.0,145049.0,158760.0,191766.0,60593.0,
160031.0,147503.0,157461.0,191210.0,61517.0,
160444.0,149346.0,157647.0,192969.0,59231.0,
165803.0,150548.0,157643.0,189286.0,58267.0,
169605.0,146881.0,158562.0,191946.0,67386.0,
162083.0,148735.0,159006.0,179821.0,59595.0,
164923.0,153102.0,161270.0,186140.0,58643.0,
168924.0,147610.0,156932.0,188576.0,60420.0,
163776.0,149077.0,164025.0,187445.0,58064.0,
165967.0,149545.0,156485.0,185050.0,59249.0,
162693.0,150733.0,155776.0,189505.0,59941.0,
159542.0,152452.0,159694.0,191848.0,61864.0,
163753.0,149844.0,156847.0,186401.0,64636.0,
158688.0,151662.0,155251.0,191009.0,58646.0,
162425.0,148937.0,159158.0,186600.0,57962.0,
167241.0,151242.0,156810.0,192985.0,61134.0,
160185.0,153469.0,156977.0,192758.0,60818.0,
172004.0,153117.0,163168.0,185659.0,58447.0,
166349.0,148999.0,157749.0,189504.0,59000.0,
168921.0,156136.0,160323.0,193177.0,56668.0,
166219.0,156176.0,161581.0,193479.0,57717.0,
165237.0,155900.0,159948.0,190154.0,62627.0,
161964.0,155380.0,159126.0,188777.0,58949.0,
163772.0,153540.0,166460.0,191703.0,55777.0,
166066.0,154742.0,165424.0,188956.0,54284.0,
165098.0,157450.0,163969.0,193130.0,57785.0,
167246.0,156713.0,160208.0,172184.0,59557.0,
170005.0,157814.0,156407.0,194394.0,60263.0,
167311.0,154893.0,165751.0,181267.0,63686.0,
161032.0,158190.0,163858.0,190223.0,58115.0,
161744.0,156968.0,162320.0,191473.0,58665.0,
162354.0,157765.0,165897.0,195243.0,61638.0,
163624.0,157724.0,165440.0,193252.0,64280.0,
165576.0,159846.0,163833.0,198020.0,63013.0,
163584.0,157064.0,164933.0,196469.0,59326.0,
165692.0,159449.0,162508.0,180981.0,61030.0,
167226.0,157422.0,160751.0,191100.0,66779.0,
164440.0,159137.0,162029.0,192481.0,59231.0,
172588.0,159889.0,167270.0,200848.0,58829.0,
173010.0,159183.0,166229.0,196057.0,63319.0,
170483.0,160683.0,163034.0,198712.0,67645.0,
176184.0,158734.0,164036.0,196189.0,65404.0,
172402.0,161127.0,166199.0,191786.0,59776.0,
167775.0,158832.0,165229.0,200482.0,57536.0,
173329.0,160757.0,162081.0,188603.0,63480.0,
174070.0,161188.0,167374.0,198711.0,66165.0,
166523.0,160019.0,167067.0,197013.0,64485.0,
166822.0,159426.0,166060.0,198035.0,59294.0,
172870.0,162220.0,167133.0,197105.0,60704.0,
173404.0,160857.0,163205.0,194901.0,64701.0,
170137.0,163400.0,161558.0,204601.0,59479.0,
171878.0,160868.0,164200.0,197148.0,62021.0,
167964.0,160670.0,164890.0,199192.0,63451.0,
164294.0,162769.0,168980.0,194079.0,64094.0,
172743.0,162800.0,165400.0,202661.0,63319.0,
173844.0,161866.0,164621.0,199946.0,63674.0,
171459.0,162347.0,166414.0,197412.0,60132.0,
174884.0,163852.0,163417.0,195172.0,63355.0,
177849.0,165500.0,168634.0,188869.0,65372.0,
173338.0,165356.0,164241.0,201617.0,62176.0,
172903.0,162936.0,165775.0,200615.0,63027.0,
174048.0,164759.0,166541.0,198732.0,59785.0,
169287.0,163559.0,169758.0,195575.0,65704.0,
172872.0,163081.0,166800.0,197814.0,63966.0,
174157.0,163304.0,170874.0,207332.0,64227.0,
177386.0,164282.0,173278.0,198786.0,66601.0,
174376.0,166871.0,169777.0,194710.0,64730.0,
172923.0,166130.0,170422.0,200610.0,65098.0,
174779.0,165364.0,167268.0,204082.0,65591.0,
174711.0,167278.0,167055.0,202710.0,64413.0,
173407.0,166189.0,170259.0,208223.0,63097.0,
173997.0,168007.0,169809.0,206126.0,66412.0,
176032.0,165807.0,173288.0,204515.0,63241.0,
177806.0,166094.0,172057.0,197708.0,63646.0,
169834.0,167351.0,173534.0,198405.0,64537.0,
174322.0,167047.0,173991.0,202314.0,58888.0,
171379.0,166367.0,173584.0,194180.0,68594.0,
170909.0,168014.0,172219.0,204794.0,70592.0,
179587.0,167130.0,166861.0,205932.0,60402.0,
181570.0,165818.0,169983.0,202929.0,66154.0,
176295.0,168750.0,169566.0,203245.0,63488.0,
179003.0,168675.0,168252.0,202501.0,63723.0,
179279.0,167372.0,171557.0,205261.0,63168.0,
172960.0,169235.0,178327.0,207479.0,63951.0,
177764.0,165922.0,174152.0,210000.0,64165.0,
182425.0,167468.0,168202.0,203979.0,60661.0,
180353.0,168359.0,172762.0,194854.0,62046.0,
176898.0,168473.0,173444.0,204257.0,64218.0,
176760.0,170342.0,173262.0,201965.0,60816.0,
176420.0,170488.0,173284.0,207378.0,66345.0,
180801.0,170495.0,172504.0,206783.0,68334.0,
169828.0,167310.0,171616.0,210089.0,66051.0,
176541.0,165023.0,176679.0,211264.0,62241.0,
177564.0,168993.0,178515.0,215444.0,66687.0,
174463.0,168879.0,180072.0,207730.0,67297.0,
175805.0,168671.0,177316.0,199942.0,67795.0,
177088.0,170065.0,173887.0,210417.0,68676.0,
176962.0,171105.0,178634.0,204718.0,64990.0,
184391.0,168513.0,180601.0,210624.0,70259.0,
178156.0,170923.0,175769.0,211257.0,62524.0,
183680.0,171832.0,175547.0,207117.0,69868.0,
185012.0,168872.0,178302.0,197656.0,67592.0,
183566.0,172397.0,175097.0,205422.0,63232.0,
181893.0,173532.0,172551.0,209782.0,66452.0,
186543.0,173074.0,175286.0,200873.0,64568.0,
182993.0,170133.0,176517.0,206421.0,73373.0,
187974.0,167997.0,173568.0,215314.0,68048.0,
188271.0,170913.0,175255.0,209790.0,67053.0,
188493.0,170015.0,178279.0,208260.0,65441.0,
187603.0,171620.0,178559.0,204748.0,65299.0,
189607.0,167356.0,173983.0,209149.0,64110.0,
181401.0,170561.0,175766.0,215550.0,73803.0,
181818.0,170985.0,174572.0,212635.0,64749.0,
186982.0,168661.0,174672.0,209386.0,70275.0,
188316.0,174798.0,181123.0,200171.0,67307.0,
183066.0,172322.0,180323.0,211305.0,68268.0,
180122.0,175174.0,180052.0,215568.0,68798.0,
181998.0,175221.0,177386.0,204746.0,62837.0,
184010.0,175798.0,174323.0,213676.0,75573.0,
187131.0,177175.0,181571.0,214348.0,66139.0,
175716.0,176201.0,181371.0,212586.0,66541.0,
179702.0,170778.0,175436.0,205210.0,66081.0,
174150.0,175922.0,180953.0,217495.0,70643.0,
173790.0,173120.0,177022.0,218642.0,64258.0,
183807.0,170201.0,176151.0,218555.0,70376.0,
186594.0,173504.0,177726.0,213981.0,65809.0,
186765.0,173141.0,182268.0,217167.0,69938.0,
182265.0,177735.0,187264.0,220548.0,68909.0,
191004.0,178952.0,177431.0,216453.0,67049.0,
187045.0,175896.0,181245.0,218722.0,66671.0,
187943.0,178222.0,187044.0,216498.0,68663.0,
191543.0,179179.0,185073.0,218574.0,69094.0,
187383.0,178635.0,186748.0,213712.0,72707.0,
188623.0,177535.0,182143.0,220111.0,72184.0,
190042.0,177443.0,188213.0,217069.0,69679.0,
185318.0,180749.0,180023.0,222962.0,68920.0,
190114.0,175031.0,184268.0,219600.0,70595.0,
189106.0,173589.0,184252.0,214956.0,65472.0,
187866.0,175184.0,184119.0,218758.0,69574.0,
187413.0,174003.0,186039.0,221186.0,70262.0,
183510.0,180283.0,179941.0,213517.0,66825.0,
187058.0,181318.0,186043.0,222332.0,70782.0,
186414.0,180303.0,188526.0,215238.0,73744.0,
188058.0,180968.0,189697.0,226372.0,64298.0,
187909.0,179831.0,191929.0,221619.0,68826.0,
189714.0,182652.0,190119.0,217975.0,72011.0,
191440.0,179329.0,185863.0,220081.0,71583.0,
192596.0,179023.0,188239.0,224902.0,66856.0,
189529.0,177198.0,185548.0,217185.0,69321.0,
187164.0,176144.0,188118.0,222988.0,69564.0,
192586.0,178838.0,186405.0,215556.0,63307.0,
192899.0,181373.0,184333.0,221265.0,73281.0,
193035.0,181194.0,186743.0,215722.0,69222.0,
194515.0,180168.0,191481.0,222526.0,73498.0,
196881.0,181709.0,187961.0,222392.0,67846.0,
181955.0,177218.0,188854.0,216177.0,71600.0,
191308.0,178722.0,185689.0,229570.0,69640.0,
174084.0,182112.0,187583.0,218721.0,69253.0,
183507.0,181967.0,190731.0,212727.0,70236.0,
180166.0,180308.0,186530.0,213919.0,69982.0,
181011.0,182691.0,192071.0,220090.0,69408.0,
183882.0,183002.0,189111.0,212198.0,69541.0,
189998.0,184096.0,188007.0,226925.0,70771.0,
186014.0,183282.0,191561.0,224625.0,70172.0,
186460.0,182328.0,189418.0,210429.0,67684.0,
191827.0,186217.0,194274.0,204333.0,69312.0,
191966.0,184210.0,194337.0,223625.0,70882.0,
191445.0,186193.0,190585.0,210992.0,69855.0,
190364.0,186082.0,189453.0,218354.0,71445.0,
196096.0,185623.0,188993.0,228149.0,75080.0,
196099.0,178951.0,186852.0,220220.0,72040.0,
195106.0,181650.0,188592.0,228607.0,70887.0,
185798.0,181701.0,191389.0,205838.0,72154.0,
193782.0,181096.0,194362.0,226329.0,69708.0,
192804.0,180243.0,194224.0,233626.0,73289.0,
189359.0,180742.0,193352.0,224763.0,70134.0,
195402.0,180926.0,192576.0,206510.0,74614.0,
201419.0,183960.0,188036.0,226734.0,69580.0,
201165.0,186195.0,192731.0,233562.0,73379.0,
183970.0,186128.0,196347.0,226619.0,69654.0,
201105.0,185182.0,187917.0,227835.0,66320.0,
193647.0,189559.0,190659.0,220786.0,66715.0,
194943.0,187178.0,188563.0,218669.0,68202.0,
194225.0,186338.0,190022.0,227974.0,74451.0,
200226.0,184686.0,193210.0,223536.0,71654.0,
198760.0,185151.0,194211.0,227457.0,70986.0,
200172.0,184773.0,193910.0,229878.0,77214.0,
190883.0,189194.0,193662.0,227145.0,76033.0,
189120.0,189035.0,196131.0,225214.0,74568.0,
192585.0,189261.0,195395.0,233111.0,74262.0,
200189.0,185443.0,191855.0,211269.0,70191.0,
193001.0,185331.0,191862.0,226449.0,71425.0,
199772.0,184784.0,198329.0,224773.0,69457.0,
195614.0,187604.0,193403.0,227316.0,70144.0,
188972.0,185646.0,195456.0,224882.0,66986.0,
196348.0,189213.0,192095.0,227224.0,67471.0,
193879.0,184462.0,197686.0,227530.0,67826.0,
199023.0,186208.0,194877.0,231157.0,71389.0,
198903.0,185150.0,194651.0,228323.0,79051.0,
198620.0,191890.0,201793.0,235063.0,67659.0,
199971.0,193748.0,196215.0,225212.0,70919.0,
199487.0,192532.0,196532.0,229611.0,71272.0,
196067.0,191677.0,192275.0,230054.0,74521.0,
196962.0,187908.0,197867.0,228756.0,72862.0,
198032.0,188846.0,201513.0,225076.0,70409.0,
195900.0,193013.0,197533.0,230795.0,70527.0,
189401.0,194796.0,196391.0,238946.0,69668.0,
202975.0,194803.0,198073.0,227880.0,69948.0,
202594.0,193984.0,200460.0,224439.0,69564.0,
197197.0,191216.0,195902.0,229429.0,70561.0,
206451.0,198498.0,201716.0,232170.0,76479.0,
200504.0,194633.0,203645.0,236844.0,76357.0,
205702.0,195521.0,200597.0,236682.0,76547.0,
205783.0,190793.0,203264.0,222991.0,71106.0,
198641.0,196259.0,196184.0,227932.0,72466.0,
207599.0,188971.0,200392.0,237179.0,67739.0,
205103.0,190776.0,197976.0,239076.0,80668.0,
199529.0,194687.0,200157.0,231403.0,71603.0,
200046.0,196969.0,205108.0,238525.0,77431.0,
199439.0,196977.0,203745.0,231845.0,69863.0,
202216.0,195195.0,198933.0,224468.0,72880.0,
205096.0,197182.0,200121.0,231939.0,76824.0,
195882.0,198128.0,202213.0,235265.0,70760.0,
200730.0,197406.0,203208.0,237055.0,75370.0,
196266.0,196321.0,200636.0,236728.0,69991.0,
191305.0,195409.0,202719.0,234275.0,70844.0,
201117.0,199572.0,202263.0,234302.0,72242.0,
205501.0,199080.0,202895.0,231436.0,73679.0,
206899.0,200841.0,203451.0,234434.0,76024.0,
207912.0,197664.0,198804.0,238846.0,78325.0,
204847.0,197765.0,202970.0,232802.0,76529.0,
201422.0,198808.0,200746.0,239566.0,75311.0,
204256.0,196535.0,205467.0,235781.0,67770.0,
205831.0,199771.0,206265.0,245927.0,76387.0,
202228.0,198388.0,204220.0,233245.0,76572.0,
192202.0,201100.0,204765.0,234888.0,72048.0,
200080.0,198762.0,206670.0,229907.0,73341.0,
193937.0,200318.0,210643.0,239042.0,74965.0,
197928.0,198018.0,202529.0,241195.0,75923.0,
212162.0,197975.0,204546.0,243301.0,79210.0,
207695.0,200635.0,203890.0,230748.0,75465.0,
200264.0,201064.0,206487.0,236631.0,67731.0,
204709.0,201446.0,202601.0,246245.0,70387.0,
205163.0,201919.0,203675.0,242030.0,71792.0,
210521.0,203604.0,207803.0,236832.0,81307.0,
198168.0,201919.0,206165.0,239949.0,75700.0,
197717.0,202252.0,207476.0,244354.0,77903.0,
210443.0,200536.0,208685.0,233933.0,75255.0,
211828.0,200945.0,208312.0,237204.0,77317.0,
204774.0,201476.0,205580.0,240867.0,76345.0,
209312.0,203797.0,203873.0,240423.0,74768.0,
208782.0,202265.0,206226.0,225892.0,75169.0,
198503.0,202630.0,211227.0,239232.0,72608.0,
203733.0,203324.0,207988.0,231717.0,75306.0,
213946.0,203622.0,207721.0,244224.0,77857.0,
207691.0,201525.0,209728.0,234274.0,78930.0,
215792.0,202356.0,210129.0,249067.0,81011.0,
212283.0,203777.0,207688.0,245711.0,74631.0,
217335.0,204512.0,208070.0,244618.0,75522.0,
207592.0,202351.0,205421.0,238769.0,80023.0,
210065.0,201185.0,204334.0,242184.0,77406.0,
209410.0,203758.0,211159.0,246160.0,75628.0,
209468.0,203366.0,213087.0,242486.0,74687.0,
217082.0,205985.0,213367.0,243636.0,79372.0,
209798.0,206022.0,209409.0,232873.0,77849.0,
219389.0,205835.0,208163.0,232495.0,77067.0,
211696.0,205452.0,212626.0,246161.0,80628.0,
213085.0,204404.0,214255.0,238465.0,76554.0,
216095.0,207059.0,209403.0,247933.0,81356.0,
218061.0,206232.0,209149.0,247555.0,79646.0,
211060.0,204545.0,209016.0,223040.0,77277.0,
218918.0,206580.0,214668.0,246864.0,81766.0,
218444.0,207203.0,208544.0,246936.0,73663.0,
218003.0,208455.0,216444.0,242363.0,78932.0,
206209.0,208739.0,210227.0,247305.0,75270.0,
212265.0,207273.0,210984.0,251919.0,79508.0,
211494.0,203883.0,211484.0,244849.0,78288.0,
211752.0,207094.0,214025.0,241671.0,73938.0,
208476.0,210027.0,217499.0,250003.0,79137.0,
211769.0,208296.0,220248.0,246578.0,76394.0,
215039.0,204778.0,223121.0,248459.0,78419.0,
207843.0,203742.0,218430.0,252898.0,74092.0,
217690.0,208851.0,213356.0,249432.0,76975.0,
209616.0,203743.0,217241.0,253012.0,81227.0,
218083.0,207953.0,213505.0,243009.0,82165.0,
210054.0,204798.0,213060.0,251764.0,79293.0,
207360.0,204285.0,214623.0,256180.0,81649.0,
217462.0,210230.0,215499.0,247366.0,77750.0,
204762.0,211505.0,210549.0,247930.0,79643.0,
217895.0,211362.0,214722.0,248793.0,77896.0,
215603.0,207371.0,215858.0,244027.0,78548.0,
216334.0,202761.0,214206.0,248739.0,73932.0,
214945.0,206278.0,218207.0,246633.0,76671.0,
216173.0,208819.0,216057.0,251061.0,73866.0,
215938.0,208977.0,213157.0,243016.0,78639.0,
217063.0,210582.0,216095.0,246170.0,76498.0,
214143.0,204866.0,223095.0,247951.0,76153.0,
215430.0,203937.0,215596.0,251259.0,81084.0,
221911.0,206364.0,220871.0,247908.0,77357.0,
225938.0,205517.0,224192.0,252859.0,79623.0,
210190.0,206901.0,215169.0,246619.0,78131.0,
220273.0,213075.0,219098.0,246630.0,83818.0,
219883.0,213569.0,218567.0,254648.0,85251.0,
222205.0,212253.0,216078.0,258841.0,80330.0,
209049.0,213778.0,220098.0,249448.0,81526.0,
220353.0,217297.0,218476.0,260535.0,76106.0,
208643.0,207318.0,216926.0,246687.0,74590.0,
219852.0,210661.0,219173.0,247926.0,84045.0,
217684.0,211608.0,222656.0,254093.0,81531.0,
210332.0,213876.0,223081.0,254896.0,83592.0,
213225.0,214617.0,224646.0,253023.0,81434.0,
215779.0,211854.0,219276.0,245853.0,82408.0,
224720.0,214639.0,218636.0,245590.0,80583.0,
210731.0,215854.0,226723.0,252201.0,84641.0,
214395.0,213058.0,225277.0,244469.0,79913.0,
222700.0,206696.0,217923.0,259173.0,75650.0,
218159.0,210178.0,215911.0,250414.0,85414.0,
220434.0,214306.0,217903.0,258245.0,76016.0,
223445.0,210211.0,217515.0,251730.0,79695.0,
215765.0,209863.0,222818.0,257878.0,80081.0,
206970.0,211489.0,222799.0,257905.0,80076.0,
215985.0,213036.0,222544.0,247901.0,76087.0,
219909.0,216074.0,222385.0,255722.0,80184.0,
222414.0,215095.0,222427.0,261102.0,84043.0,
222373.0,215892.0,219980.0,252085.0,78101.0,
213733.0,211767.0,221421.0,257547.0,80865.0,
214238.0,209877.0,221369.0,250454.0,77544.0,
221447.0,217193.0,217467.0,256617.0,78648.0,
